<?xml version="1.0" encoding="UTF-8"?>
<metadata xml:lang="en"><Esri><CreaDate>20200113</CreaDate><CreaTime>17492100</CreaTime><ArcGISFormat>1.0</ArcGISFormat><SyncOnce>TRUE</SyncOnce><DataProperties><itemProps><itemLocation><linkage Sync="TRUE">file://\\wcsfs00.its.yale.internal\users-625001-YCEO\Users\mo523\Geospatial_Software_Design\ArcFootprint_SampleData\YellowstoneFluxTower</linkage><protocol Sync="TRUE">Local Area Network</protocol></itemLocation></itemProps><copyHistory><copy source="U:\Geospatial_Software_Design\YellowstoneFluxTower" dest="\\wcsfs00.its.yale.internal\users-625001-YCEO\Users\mo523\Geospatial_Software_Design\ArcFootprint_SampleData\YellowstoneFluxTower" date="20200113" time="17524300"></copy></copyHistory></DataProperties></Esri></metadata>
