<?xml version="1.0" encoding="UTF-8"?>
<metadata xml:lang="en"><Esri><CreaDate>20180521</CreaDate><CreaTime>12030000</CreaTime><ArcGISFormat>1.0</ArcGISFormat><SyncOnce>TRUE</SyncOnce><DataProperties><itemProps><itemLocation><linkage Sync="TRUE">file://\\afs\ir.stanford.edu\users\o\b\obrienma\Desktop\WorkshopData\Data\field_notes.csv</linkage><protocol Sync="TRUE">Local Area Network</protocol></itemLocation></itemProps><copyHistory><copy source="U:\Desktop\WorkshopData\field_notes.csv" dest="\\afs\ir.stanford.edu\users\o\b\obrienma\Desktop\WorkshopData\Data\field_notes.csv" date="20180521" time="12030000"></copy></copyHistory></DataProperties></Esri></metadata>
