Point_Id,Strike,Dip,Easting,Northing,Notes
0,24,7,268028.524,2142928.013,
1,0,0,263631.1402,2139873.392,along a fault
2,0,0,263112.5559,2139704.059,along a fault
3,0,0,262530.4714,2139333.641,along a fault
4,72,17,270818.7813,2137769.289,"inside vegetated ""pocket"" flanked by two dark flows"
5,280,11,268586.355,2132428.002,on younger flow
6,0,0,268594.2264,2136422.359,"contact: West older, East younger"
7,0,0,265339.8449,2133356.89,contact? Between flows
8,0,0,265435.095,2133888.704,contact? Between flows
9,0,0,265379.5324,2134468.142,contact? Between flows
10,268,20,271412.0445,2142302.471,near crater
11,67,3,268411.6635,2143604.223,cone volcanics
12,189,6,273753.1883,2138425.841,
13,0,0,267675.5912,2143956.847,fissure vent
