<PAMDataset>
  <Metadata>
    <MDI key="DataType">Generic</MDI>
  </Metadata>
  <Metadata domain="Esri">
    <MDI key="PyramidResamplingType">NEAREST</MDI>
  </Metadata>
  <PAMRasterBand band="1">
    <Histograms>
      <HistItem>
        <HistMin>45</HistMin>
        <HistMax>3810</HistMax>
        <BucketCount>256</BucketCount>
        <IncludeOutOfRange>1</IncludeOutOfRange>
        <Approximate>0</Approximate>
        <HistCounts>1|5|8|35|113|251|462|610|750|1185|1641|2148|2300|3274|3831|3959|3546|3939|4092|4405|4495|4212|4672|4758|4605|4317|4853|5071|5518|5860|7369|7511|7598|6029|5649|4904|4520|4000|3430|3353|3073|2877|2554|2609|2416|2352|1994|2030|2059|2310|2567|3078|3487|3537|3473|3187|3278|3114|2575|2067|1813|1533|1156|723|581|408|357|250|252|192|145|146|87|76|55|40|18|19|25|16|11|8|11|12|8|5|3|3|3|11|5|5|2|3|7|7|3|3|9|2|5|4|6|5|3|3|3|3|1|4|4|2|2|4|6|4|1|3|2|0|3|2|1|3|2|1|1|2|1|2|3|3|3|0|1|1|1|1|0|1|1|1|1|1|1|1|1|1|0|0|2|0|1|1|0|1|0|1|0|1|2|0|0|3|1|0|1|0|2|0|0|1|1|0|0|0|0|0|1|0|0|1|0|1|0|0|0|0|0|0|2|1|0|0|0|0|1|0|1|1|0|1|0|0|0|0|0|0|1|0|0|0|0|0|0|0|0|0|0|0|0|0|0|0|0|0|0|0|0|0|0|0|0|0|0|0|0|0|0|0|0|0|0|0|0|0|0|0|0|0|0|0|0|0|0|1</HistCounts>
      </HistItem>
    </Histograms>
    <Metadata>
      <MDI key="RepresentationType">ATHEMATIC</MDI>
      <MDI key="STATISTICS_COVARIANCES">46744.24562845314,31386.34436137631,21388.29883232405</MDI>
      <MDI key="STATISTICS_MAXIMUM">3810</MDI>
      <MDI key="STATISTICS_MEAN">549.6840604957</MDI>
      <MDI key="STATISTICS_MINIMUM">45</MDI>
      <MDI key="STATISTICS_SKIPFACTORX">1</MDI>
      <MDI key="STATISTICS_SKIPFACTORY">1</MDI>
      <MDI key="STATISTICS_STDDEV">216.20417578866</MDI>
    </Metadata>
  </PAMRasterBand>
  <PAMRasterBand band="2">
    <Histograms>
      <HistItem>
        <HistMin>75</HistMin>
        <HistMax>4063</HistMax>
        <BucketCount>256</BucketCount>
        <IncludeOutOfRange>1</IncludeOutOfRange>
        <Approximate>0</Approximate>
        <HistCounts>5|4|5|4|6|16|81|250|1067|2610|1518|1521|1572|1869|2490|3683|4801|6074|7343|8031|8708|9002|8532|9590|9899|10589|9278|7904|7419|6540|5422|5098|4307|3805|3716|3463|3866|4488|4973|6070|6156|5445|4906|3218|1840|1349|926|576|453|331|292|186|99|57|31|28|18|14|17|14|14|9|13|15|17|17|14|9|6|11|10|10|8|10|10|10|6|6|9|7|8|7|6|4|5|8|6|4|6|7|5|7|7|9|6|7|1|6|9|8|3|5|6|2|2|7|0|4|3|1|4|4|3|4|4|5|3|5|2|2|1|1|1|2|5|1|0|5|2|3|1|0|0|2|3|0|2|2|2|3|3|2|1|3|1|0|1|2|0|1|1|1|0|1|0|0|0|2|0|0|1|0|2|1|2|0|1|0|0|2|1|0|0|1|0|1|0|0|1|0|1|1|0|0|0|1|0|0|0|3|0|0|0|0|0|0|0|0|0|0|1|0|0|1|2|0|0|1|0|1|0|0|0|0|0|2|0|0|0|0|0|0|0|0|0|0|0|0|0|0|0|0|0|0|0|0|0|0|0|0|0|0|0|0|0|0|0|0|0|0|0|0|0|0|0|1</HistCounts>
      </HistItem>
    </Histograms>
    <Metadata>
      <MDI key="RepresentationType">ATHEMATIC</MDI>
      <MDI key="STATISTICS_COVARIANCES">31386.34436137631,23679.0215186538,15184.48448081885</MDI>
      <MDI key="STATISTICS_MAXIMUM">4063</MDI>
      <MDI key="STATISTICS_MEAN">508.54542125267</MDI>
      <MDI key="STATISTICS_MINIMUM">75</MDI>
      <MDI key="STATISTICS_SKIPFACTORX">1</MDI>
      <MDI key="STATISTICS_SKIPFACTORY">1</MDI>
      <MDI key="STATISTICS_STDDEV">153.87989315909</MDI>
    </Metadata>
  </PAMRasterBand>
  <PAMRasterBand band="3">
    <Histograms>
      <HistItem>
        <HistMin>12</HistMin>
        <HistMax>3648</HistMax>
        <BucketCount>256</BucketCount>
        <IncludeOutOfRange>1</IncludeOutOfRange>
        <Approximate>0</Approximate>
        <HistCounts>2|3|10|16|30|108|629|2651|3674|3514|3773|3878|3971|3821|3960|4395|3612|3338|3751|4787|5112|5898|6764|8056|8546|9241|9678|10841|10711|10219|9683|8328|7500|7352|7492|6772|5758|4175|3111|2088|1407|822|594|286|252|198|188|143|84|33|24|19|16|15|22|13|22|19|19|17|16|21|10|14|18|19|8|7|11|11|11|12|9|17|9|19|12|6|9|14|12|12|5|5|10|11|5|9|5|8|6|7|11|2|9|8|3|2|5|3|8|8|6|5|9|5|6|6|4|5|3|5|6|8|3|4|4|2|1|1|5|4|5|3|1|7|3|5|4|2|2|6|5|2|1|0|1|0|4|1|1|4|2|0|1|1|2|1|2|2|2|3|1|1|0|0|3|2|0|2|1|1|5|3|1|0|1|0|1|1|0|0|1|1|0|0|1|2|1|0|0|1|1|0|0|0|1|0|0|0|0|1|0|0|0|0|0|1|1|1|0|0|0|0|1|0|0|2|0|1|0|1|0|1|1|0|0|0|0|0|1|0|0|1|1|1|0|0|0|0|0|0|0|0|0|0|0|0|0|0|0|0|0|0|0|0|0|0|0|0|2|1|0|0|0|1</HistCounts>
      </HistItem>
    </Histograms>
    <Metadata>
      <MDI key="RepresentationType">ATHEMATIC</MDI>
      <MDI key="STATISTICS_COVARIANCES">21388.29883232405,15184.48448081885,18708.45458312613</MDI>
      <MDI key="STATISTICS_MAXIMUM">3648</MDI>
      <MDI key="STATISTICS_MEAN">380.17736459735</MDI>
      <MDI key="STATISTICS_MINIMUM">12</MDI>
      <MDI key="STATISTICS_SKIPFACTORX">1</MDI>
      <MDI key="STATISTICS_SKIPFACTORY">1</MDI>
      <MDI key="STATISTICS_STDDEV">136.77885283598</MDI>
    </Metadata>
  </PAMRasterBand>
</PAMDataset>
