<?xml version="1.0" encoding="UTF-8"?>
<metadata xml:lang="en"><Esri><CreaDate>20180312</CreaDate><CreaTime>15023200</CreaTime><ArcGISFormat>1.0</ArcGISFormat><SyncOnce>FALSE</SyncOnce><DataProperties><lineage><Process ToolSource="c:\program files (x86)\arcgis\desktop10.5\ArcToolbox\Toolboxes\Data Management Tools.tbx\CompositeBands" Date="20180312" Time="142000">CompositeBands R:\GeologicMapping\NCGMP09_HawaiiTest\landsat\LC08_L1TP_062047_20140924_20170303_01_T1_sr_band4.tif;R:\GeologicMapping\NCGMP09_HawaiiTest\landsat\LC08_L1TP_062047_20140924_20170303_01_T1_sr_band3.tif;R:\GeologicMapping\NCGMP09_HawaiiTest\landsat\LC08_L1TP_062047_20140924_20170303_01_T1_sr_band2.tif R:\GeologicMapping\NCGMP09_HawaiiTest\landsat\composite_test_1.tif</Process><Process ToolSource="c:\program files (x86)\arcgis\desktop10.5\ArcToolbox\Toolboxes\Data Management Tools.tbx\ProjectRaster" Date="20180312" Time="145819">ProjectRaster composite_test_432.tif R:\GeologicMapping\NCGMP09_HawaiiTest\landsat\composite_test_432_proj.tif PROJCS['NAD_1983_2011_UTM_Zone_5N',GEOGCS['GCS_NAD_1983_2011',DATUM['D_NAD_1983_2011',SPHEROID['GRS_1980',6378137.0,298.257222101]],PRIMEM['Greenwich',0.0],UNIT['Degree',0.0174532925199433]],PROJECTION['Transverse_Mercator'],PARAMETER['False_Easting',500000.0],PARAMETER['False_Northing',0.0],PARAMETER['Central_Meridian',-153.0],PARAMETER['Scale_Factor',0.9996],PARAMETER['Latitude_Of_Origin',0.0],UNIT['Meter',1.0]] CUBIC "30 30" WGS_1984_(ITRF08)_To_NAD_1983_2011 # PROJCS['WGS_1984_UTM_Zone_5N',GEOGCS['GCS_WGS_1984',DATUM['D_WGS_1984',SPHEROID['WGS_1984',6378137.0,298.257223563]],PRIMEM['Greenwich',0.0],UNIT['Degree',0.0174532925199433]],PROJECTION['Transverse_Mercator'],PARAMETER['False_Easting',500000.0],PARAMETER['False_Northing',0.0],PARAMETER['Central_Meridian',-153.0],PARAMETER['Scale_Factor',0.9996],PARAMETER['Latitude_Of_Origin',0.0],UNIT['Meter',1.0]]</Process><Process ToolSource="c:\program files (x86)\arcgis\desktop10.5\ArcToolbox\Toolboxes\Data Management Tools.tbx\Clip" Date="20180312" Time="145853">Clip composite_test_432_proj.tif "260985.804499999 2130635.9822 274301.2452 2144643.403" R:\GeologicMapping\NCGMP09_HawaiiTest\landsat\composite_test_432_proj_clip.tif MapOutline_poly -9999 ClippingGeometry NO_MAINTAIN_EXTENT</Process><Process ToolSource="c:\program files (x86)\arcgis\desktop10.5\ArcToolbox\Toolboxes\Data Management Tools.tbx\ProjectRaster" Date="20180521" Time="112803">ProjectRaster U:\Desktop\WorkshopData\landsat_clip.tif U:\Desktop\WorkshopData\reproject_26905\landsat_clip.tif PROJCS['NAD_1983_UTM_Zone_5N',GEOGCS['GCS_North_American_1983',DATUM['D_North_American_1983',SPHEROID['GRS_1980',6378137.0,298.257222101]],PRIMEM['Greenwich',0.0],UNIT['Degree',0.0174532925199433]],PROJECTION['Transverse_Mercator'],PARAMETER['False_Easting',500000.0],PARAMETER['False_Northing',0.0],PARAMETER['Central_Meridian',-153.0],PARAMETER['Scale_Factor',0.9996],PARAMETER['Latitude_Of_Origin',0.0],UNIT['Meter',1.0]] CUBIC "30 30" 'WGS_1984_(ITRF08)_To_NAD_1983_2011 + WGS_1984_(ITRF00)_To_NAD_1983' # PROJCS['NAD_1983_2011_UTM_Zone_5N',GEOGCS['GCS_NAD_1983_2011',DATUM['D_NAD_1983_2011',SPHEROID['GRS_1980',6378137.0,298.257222101]],PRIMEM['Greenwich',0.0],UNIT['Degree',0.0174532925199433]],PROJECTION['Transverse_Mercator'],PARAMETER['False_Easting',500000.0],PARAMETER['False_Northing',0.0],PARAMETER['Central_Meridian',-153.0],PARAMETER['Scale_Factor',0.9996],PARAMETER['Latitude_Of_Origin',0.0],UNIT['Meter',1.0]]</Process></lineage><itemProps><itemName Sync="TRUE">landsat_clip.tif</itemName><itemLocation><linkage Sync="TRUE">file://U:\Desktop\WorkshopData\reproject_26905\landsat_clip.tif</linkage><protocol Sync="TRUE">Local Area Network</protocol></itemLocation><imsContentType Sync="TRUE">002</imsContentType><nativeExtBox><westBL Sync="TRUE">260956.512557</westBL><eastBL Sync="TRUE">274306.512557</eastBL><southBL Sync="TRUE">2130614.614905</southBL><northBL Sync="TRUE">2144654.614905</northBL><exTypeCode Sync="TRUE">1</exTypeCode></nativeExtBox></itemProps><coordRef><type Sync="TRUE">Projected</type><geogcsn Sync="TRUE">GCS_North_American_1983</geogcsn><csUnits Sync="TRUE">Linear Unit: Meter (1.000000)</csUnits><projcsn Sync="TRUE">NAD_1983_UTM_Zone_5N</projcsn><peXml Sync="TRUE">&lt;ProjectedCoordinateSystem xsi:type='typens:ProjectedCoordinateSystem' xmlns:xsi='http://www.w3.org/2001/XMLSchema-instance' xmlns:xs='http://www.w3.org/2001/XMLSchema' xmlns:typens='http://www.esri.com/schemas/ArcGIS/10.5'&gt;&lt;WKT&gt;PROJCS[&amp;quot;NAD_1983_UTM_Zone_5N&amp;quot;,GEOGCS[&amp;quot;GCS_North_American_1983&amp;quot;,DATUM[&amp;quot;D_North_American_1983&amp;quot;,SPHEROID[&amp;quot;GRS_1980&amp;quot;,6378137.0,298.257222101]],PRIMEM[&amp;quot;Greenwich&amp;quot;,0.0],UNIT[&amp;quot;Degree&amp;quot;,0.0174532925199433]],PROJECTION[&amp;quot;Transverse_Mercator&amp;quot;],PARAMETER[&amp;quot;False_Easting&amp;quot;,500000.0],PARAMETER[&amp;quot;False_Northing&amp;quot;,0.0],PARAMETER[&amp;quot;Central_Meridian&amp;quot;,-153.0],PARAMETER[&amp;quot;Scale_Factor&amp;quot;,0.9996],PARAMETER[&amp;quot;Latitude_Of_Origin&amp;quot;,0.0],UNIT[&amp;quot;Meter&amp;quot;,1.0],AUTHORITY[&amp;quot;EPSG&amp;quot;,26905]]&lt;/WKT&gt;&lt;XOrigin&gt;-5120900&lt;/XOrigin&gt;&lt;YOrigin&gt;-9998100&lt;/YOrigin&gt;&lt;XYScale&gt;450445547.3910538&lt;/XYScale&gt;&lt;ZOrigin&gt;-100000&lt;/ZOrigin&gt;&lt;ZScale&gt;10000&lt;/ZScale&gt;&lt;MOrigin&gt;-100000&lt;/MOrigin&gt;&lt;MScale&gt;10000&lt;/MScale&gt;&lt;XYTolerance&gt;0.001&lt;/XYTolerance&gt;&lt;ZTolerance&gt;0.001&lt;/ZTolerance&gt;&lt;MTolerance&gt;0.001&lt;/MTolerance&gt;&lt;HighPrecision&gt;true&lt;/HighPrecision&gt;&lt;WKID&gt;26905&lt;/WKID&gt;&lt;LatestWKID&gt;26905&lt;/LatestWKID&gt;&lt;/ProjectedCoordinateSystem&gt;</peXml></coordRef><RasterProperties><General><PixelDepth Sync="TRUE">16</PixelDepth><HasColormap Sync="TRUE">FALSE</HasColormap><CompressionType Sync="TRUE">LZW</CompressionType><NumBands Sync="TRUE">3</NumBands><Format Sync="TRUE">TIFF</Format><HasPyramids Sync="TRUE">TRUE</HasPyramids><SourceType Sync="TRUE">continuous</SourceType><PixelType Sync="TRUE">signed integer</PixelType><NoDataValue Sync="TRUE">-9999</NoDataValue></General></RasterProperties><copyHistory><copy source="R:\GeologicMapping\NCGMP09_HawaiiTest\landsat\composite_test_432_proj_clip.tif" dest="\\sul-gislab.stanford.edu\GIS_Shared\obrienma\GeologicMapping\NCGMP09_HawaiiTest\Workshop Data\composite_test_432_proj_clip.tif" date="20180312" time="15023200"></copy></copyHistory></DataProperties><SyncDate>20180521</SyncDate><SyncTime>11280300</SyncTime><ModDate>20180521</ModDate><ModTime>11280300</ModTime></Esri><dataIdInfo><envirDesc Sync="TRUE"> Version 6.2 (Build 9200) ; Esri ArcGIS 10.5.1.7333</envirDesc><dataLang><languageCode value="eng" Sync="TRUE"></languageCode><countryCode value="USA" Sync="TRUE"></countryCode></dataLang><idCitation><resTitle Sync="TRUE">landsat_clip.tif</resTitle><presForm><PresFormCd value="005" Sync="TRUE"></PresFormCd></presForm></idCitation><spatRpType><SpatRepTypCd value="002" Sync="TRUE"></SpatRepTypCd></spatRpType><dataExt><geoEle><GeoBndBox esriExtentType="search"><exTypeCode Sync="TRUE">1</exTypeCode><westBL Sync="TRUE">-155.275972</westBL><eastBL Sync="TRUE">-155.147276</eastBL><northBL Sync="TRUE">19.383389</northBL><southBL Sync="TRUE">19.255059</southBL></GeoBndBox></geoEle></dataExt></dataIdInfo><mdLang><languageCode value="eng" Sync="TRUE"></languageCode><countryCode value="USA" Sync="TRUE"></countryCode></mdLang><mdChar><CharSetCd value="004" Sync="TRUE"></CharSetCd></mdChar><distInfo><distFormat><formatName Sync="TRUE">Raster Dataset</formatName></distFormat></distInfo><mdHrLv><ScopeCd value="005" Sync="TRUE"></ScopeCd></mdHrLv><mdHrLvName Sync="TRUE">dataset</mdHrLvName><refSysInfo><RefSystem><refSysID><identCode code="26905" Sync="TRUE"></identCode><idCodeSpace Sync="TRUE">EPSG</idCodeSpace><idVersion Sync="TRUE">6.13(3.0.1)</idVersion></refSysID></RefSystem></refSysInfo><spatRepInfo><Georect><cellGeo><CellGeoCd Sync="TRUE" value="002"></CellGeoCd></cellGeo><numDims Sync="TRUE">2</numDims><tranParaAv Sync="TRUE">1</tranParaAv><chkPtAv Sync="TRUE">0</chkPtAv><cornerPts><pos Sync="TRUE">260956.512557 2130614.614905</pos></cornerPts><cornerPts><pos Sync="TRUE">260956.512557 2144654.614905</pos></cornerPts><cornerPts><pos Sync="TRUE">274306.512557 2144654.614905</pos></cornerPts><cornerPts><pos Sync="TRUE">274306.512557 2130614.614905</pos></cornerPts><centerPt><pos Sync="TRUE">267631.512557 2137634.614905</pos></centerPt><axisDimension type="002"><dimSize Sync="TRUE">445</dimSize><dimResol><value Sync="TRUE" uom="m">30.000000</value></dimResol></axisDimension><axisDimension type="001"><dimSize Sync="TRUE">468</dimSize><dimResol><value Sync="TRUE" uom="m">30.000000</value></dimResol></axisDimension><ptInPixel><PixOrientCd Sync="TRUE" value="001"></PixOrientCd></ptInPixel></Georect></spatRepInfo><contInfo><ImgDesc><contentTyp><ContentTypCd Sync="TRUE" value="001"></ContentTypCd></contentTyp><covDim><Band><dimDescrp Sync="TRUE">Band_1</dimDescrp><maxVal Sync="TRUE">3810.000000</maxVal><minVal Sync="TRUE">45.000000</minVal><bitsPerVal Sync="TRUE">16</bitsPerVal><valUnit><UOM type="length"></UOM></valUnit></Band><Band><dimDescrp Sync="TRUE">Band_2</dimDescrp><maxVal Sync="TRUE">4063.000000</maxVal><minVal Sync="TRUE">75.000000</minVal><bitsPerVal Sync="TRUE">16</bitsPerVal><valUnit><UOM type="length"></UOM></valUnit></Band><Band><dimDescrp Sync="TRUE">Band_3</dimDescrp><maxVal Sync="TRUE">3648.000000</maxVal><minVal Sync="TRUE">12.000000</minVal><bitsPerVal Sync="TRUE">16</bitsPerVal><valUnit><UOM type="length"></UOM></valUnit></Band></covDim></ImgDesc></contInfo><mdDateSt Sync="TRUE">20180521</mdDateSt></metadata>
