<?xml version="1.0" encoding="UTF-8"?>
<metadata xml:lang="en"><Esri><CreaDate>20180521</CreaDate><CreaTime>11252900</CreaTime><ArcGISFormat>1.0</ArcGISFormat><SyncOnce>TRUE</SyncOnce><DataProperties><lineage><Process ToolSource="c:\program files (x86)\arcgis\desktop10.5\ArcToolbox\Toolboxes\Data Management Tools.tbx\CreateFeatureclass" Date="20180123" Time="103012">CreateFeatureclass Q:\obrienma\GeologicMapping\NCGMP09_HawaiiTest\NCGMP09_HawaiiTest.gdb xxMapOutline POLYLINE # DISABLED DISABLED "GEOGCS['GCS_North_American_1983',DATUM['D_North_American_1983',SPHEROID['GRS_1980',6378137.0,298.257222101]],PRIMEM['Greenwich',0.0],UNIT['Degree',0.0174532925199433]];-400 -400 1000000000;-100000 10000;-100000 10000;8.98315284119521E-09;0.001;0.001;IsHighPrecision" # 0 0 0</Process><Process ToolSource="c:\program files (x86)\arcgis\desktop10.5\ArcToolbox\Toolboxes\Data Management Tools.tbx\AddSpatialIndex" Date="20180123" Time="103020">AddSpatialIndex Q:\obrienma\GeologicMapping\NCGMP09_HawaiiTest\NCGMP09_HawaiiTest.gdb\xxMapOutline 0.13 0 0</Process><Process ToolSource="c:\program files (x86)\arcgis\desktop10.5\ArcToolbox\Toolboxes\Data Management Tools.tbx\PointsToLine" Date="20180123" Time="103022">PointsToLine boxlayer Q:\obrienma\GeologicMapping\NCGMP09_HawaiiTest\NCGMP09_HawaiiTest.gdb\xxMapOutline # # NO_CLOSE</Process><Process ToolSource="c:\program files (x86)\arcgis\desktop10.5\ArcToolbox\Toolboxes\Editing Tools.tbx\Densify" Date="20180123" Time="103026">Densify Q:\obrienma\GeologicMapping\NCGMP09_HawaiiTest\NCGMP09_HawaiiTest.gdb\xxMapOutline DISTANCE "0.0001 Unknown" "0 Meters" 10</Process><Process ToolSource="c:\program files (x86)\arcgis\desktop10.5\ArcToolbox\Toolboxes\Data Management Tools.tbx\Project" Date="20180123" Time="103038">Project Q:\obrienma\GeologicMapping\NCGMP09_HawaiiTest\NCGMP09_HawaiiTest.gdb\xxMapOutline Q:\obrienma\GeologicMapping\NCGMP09_HawaiiTest\NCGMP09_HawaiiTest.gdb\MapOutline PROJCS['NAD_1983_2011_UTM_Zone_5N',GEOGCS['GCS_NAD_1983_2011',DATUM['D_NAD_1983_2011',SPHEROID['GRS_1980',6378137.0,298.257222101]],PRIMEM['Greenwich',0.0],UNIT['Degree',0.0174532925199433]],PROJECTION['Transverse_Mercator'],PARAMETER['False_Easting',500000.0],PARAMETER['False_Northing',0.0],PARAMETER['Central_Meridian',-153.0],PARAMETER['Scale_Factor',0.9996],PARAMETER['Latitude_Of_Origin',0.0],UNIT['Meter',1.0]] 'WGS_1984_(ITRF00)_To_NAD_1983 + WGS_1984_(ITRF08)_To_NAD_1983_2011' GEOGCS['GCS_North_American_1983',DATUM['D_North_American_1983',SPHEROID['GRS_1980',6378137.0,298.257222101]],PRIMEM['Greenwich',0.0],UNIT['Degree',0.0174532925199433]] NO_PRESERVE_SHAPE # NO_VERTICAL</Process><Process ToolSource="c:\program files (x86)\arcgis\desktop10.5\ArcToolbox\Toolboxes\Data Management Tools.tbx\Project" Date="20180521" Time="112529">Project U:\Desktop\WorkshopData\MapOutline_shp.shp U:\Desktop\WorkshopData\reproject_26905\MapOutline_shp.shp PROJCS['NAD_1983_UTM_Zone_5N',GEOGCS['GCS_North_American_1983',DATUM['D_North_American_1983',SPHEROID['GRS_1980',6378137.0,298.257222101]],PRIMEM['Greenwich',0.0],UNIT['Degree',0.0174532925199433]],PROJECTION['Transverse_Mercator'],PARAMETER['False_Easting',500000.0],PARAMETER['False_Northing',0.0],PARAMETER['Central_Meridian',-153.0],PARAMETER['Scale_Factor',0.9996],PARAMETER['Latitude_Of_Origin',0.0],UNIT['Meter',1.0]] 'WGS_1984_(ITRF08)_To_NAD_1983_2011 + WGS_1984_(ITRF00)_To_NAD_1983' PROJCS['NAD_1983_2011_UTM_Zone_5N',GEOGCS['GCS_NAD_1983_2011',DATUM['D_NAD_1983_2011',SPHEROID['GRS_1980',6378137.0,298.257222101]],PRIMEM['Greenwich',0.0],UNIT['Degree',0.0174532925199433]],PROJECTION['Transverse_Mercator'],PARAMETER['False_Easting',500000.0],PARAMETER['False_Northing',0.0],PARAMETER['Central_Meridian',-153.0],PARAMETER['Scale_Factor',0.9996],PARAMETER['Latitude_Of_Origin',0.0],UNIT['Meter',1.0]] NO_PRESERVE_SHAPE # NO_VERTICAL</Process></lineage><itemProps><itemLocation><linkage Sync="TRUE">file://\\sul-gislab.stanford.edu\GIS_Shared\obrienma\GeologicMapping\NCGMP09_HawaiiTest\Workshop Data\MapOutline_shp</linkage><protocol Sync="TRUE">Local Area Network</protocol></itemLocation></itemProps><copyHistory><copy source="R:\GeologicMapping\NCGMP09_HawaiiTest\MapOutline_shp" dest="\\sul-gislab.stanford.edu\GIS_Shared\obrienma\GeologicMapping\NCGMP09_HawaiiTest\Workshop Data\MapOutline_shp" date="20180313" time="12002400"></copy></copyHistory></DataProperties></Esri></metadata>
